videoId,title,publishedAt,categoryId,categoryName,fetched_date
FYBSJB6WMec,LUXGEN On⁷e of Taiwan｜見證純電里程碑 共創綠色未來,2025-04-22T05:54:29Z,2,汽車與車輛_Autos & Vehicles,2025-05-11
pO9UAxN2I8g,バイク王 高価買取CP ずま（虹色侍）篇,2025-04-18T00:56:16Z,2,汽車與車輛_Autos & Vehicles,2025-05-11
IslN18VtIhg,紫雉反攻战术。肥橘猫失败了 #ai猫咪 #猫谁 #肥橘猫 #cat #aicat #fatcat #orangecat #意想不到的结局#animals,2025-05-05T04:37:48Z,10,音樂_Music,2025-05-11
oGxfpnvrczk,寝たら急にうまく弾けるようになってる現象の仕組み #guitar,2025-05-10T09:59:06Z,10,音樂_Music,2025-05-11
UoxhuV59PcA,天才すぎたFKの戦略がヤバ過ぎる!!!,2025-05-05T10:00:55Z,17,運動_Sports,2025-05-11
rOoctZdvyro,天使的人工智能。#小丑 #天使 #超人不会飞 #shorts,2025-05-04T07:00:48Z,22,部落格與人物_People & Blogs,2025-05-11
r9AvuWfA0YU,天使的选择 #小丑 #天使 #shorts,2025-05-05T09:30:23Z,22,部落格與人物_People & Blogs,2025-05-11
rK5gw382qmU,小路飞和果果量身高 #海贼王 #路飞,2025-05-02T07:15:03Z,22,部落格與人物_People & Blogs,2025-05-11
avd1cxh8COw,最后这个是啥…… #火影忍者 #cosplay #joker,2025-05-02T04:00:04Z,23,喜劇_Comedy,2025-05-11
XJ6FxKgSjFo,切 #火影忍者 #cosplay #joker,2025-05-01T09:00:48Z,23,喜劇_Comedy,2025-05-11
RaTvDPfueAE,【震撼】今年最震驚的一個消息，從一個神人口中說出的完全另一個版本的2025年7月5日的大災難 | 老高與小茉 Mr &amp; Mrs Gao,2025-04-30T15:15:26Z,24,娛樂_Entertainment,2025-05-11
QDGhxndape8,全新【舒潔抽取衛生紙】彈力棉科技 蓬軟升級,2025-04-23T06:34:26Z,24,娛樂_Entertainment,2025-05-11
EceuDleKGxA,天气越来越热了，一天要洗几次澡，这款洗澡桶太好用了，坐着很方便，六个月会坐宝宝就可以用宝宝可以边洗边玩儿，加大加厚的尺寸。#儿童泡澡桶#母婴好物#宝宝洗澡#爱洗澡的宝宝 #baby #cute,2025-04-28T13:15:16Z,24,娛樂_Entertainment,2025-05-11
BwbGQXKDUkQ,兩對新人路上偶遇，交換手捧花，其中一束居然是純黃金手捧花。#shorts #china #DynamicChina,2025-05-02T15:55:47Z,24,娛樂_Entertainment,2025-05-11
0BGwYS3G1cw,男子教小白女生如何操作機器抓飲料，女生按照男子教的方法一次竟抓了三瓶飲料，網友：為什麼我遇到的機器搖不起來！#shorts,2025-04-29T12:11:08Z,24,娛樂_Entertainment,2025-05-11
Yr9348pJmfo,寶寶醒來不哭也不鬧，自己一個人在玩「躲貓貓」，「原來在我不知道的時候她看了我很多次」。#shorts #china #DynamicChina,2025-04-27T06:22:38Z,24,娛樂_Entertainment,2025-05-11
WdEGWO5SQEw,地狱不会冤枉一个好人，也不会放过一个坏人#movie,2025-05-07T08:18:11Z,24,娛樂_Entertainment,2025-05-11
pn10Ra1SQsY,瑞士非主流的通勤方式，漂流通勤,2025-04-26T10:28:04Z,24,娛樂_Entertainment,2025-05-11
X4LCP3yeJco,世界任你探索 | 美國運通長榮航空簽帳白金卡 | American Express,2025-04-28T16:18:50Z,24,娛樂_Entertainment,2025-05-11
p3mhvjD38Pw,怪物：到底谁才是怪物啊#movie #精彩影视 #超燃,2025-05-02T02:45:36Z,24,娛樂_Entertainment,2025-05-11
M0rtFSZQys0,【纯享版】张靓颖搭档王以太爆改破亿神曲《跳楼机》！深情Rap碰撞宿命感和声 失重感与孤独感在这一刻完美交织！ #天赐的声音6 EP1 20250418,2025-04-18T14:00:36Z,24,娛樂_Entertainment,2025-05-11
rFKXBTZ5D-8,本來昏昏欲睡的教練，學員一個動作讓教練瞬間清醒。#shorts #china #DynamicChina,2025-04-28T08:20:25Z,24,娛樂_Entertainment,2025-05-11
ukXNQ_bIoIU,FULL| 周深首期爆笑变身“破碎少年”！孟子义再唱《冬天的秘密》音准震惊原唱 宋雨琦自信开麦遭深深“吐槽”！范丞丞猜词环节“鬼迷日眼”脱口而出 |奔跑吧13 EP1 20250425,2025-04-25T14:07:51Z,24,娛樂_Entertainment,2025-05-11
